State,Postgrad,Undergrad
New South Wales,452900,1216700
Victoria,380600,1020000
Queensland,189200,588800
South Australia,63000,188900
Western Australia,102300,309000
Tasmania,23400,60100
Northern Territory,13600,26300
Australian Capital Territory,44500,71600
